asin,price,recorded_at,scraped_at,old_price
B076PFFRN2,309.9,2025-02-02 21:14:17.166140,2025-02-02 21:14:17.166140,309.9
B07BT11JYC,269.99,2025-02-03 13:16:56.570281,2025-02-03 13:16:56.570281,269.99
B07BT11JYC,269.99,2025-02-03 13:17:01.750108,2025-02-03 13:17:01.750108,269.99
B07CVM9V3X,622.0,2025-02-02 21:14:13.527365,2025-02-02 21:14:13.527365,622.0
B07GV5MCK4,49.99,2025-02-03 13:16:54.896228,2025-02-03 13:16:54.896228,49.99
B07GV5MCK4,49.99,2025-02-03 13:17:00.011277,2025-02-03 13:17:00.011277,49.99
B07TCTYR4X,656.89,2025-02-02 19:47:21.953778,2025-02-02 19:47:21.953778,656.89
B07TCTYR4X,656.89,2025-02-02 21:14:10.142414,2025-02-02 21:14:10.142414,656.89
B07TCTYR4X,656.89,2025-02-02 21:14:13.566471,2025-02-02 21:14:13.566471,656.89
B07VTMHTDF,38.7,2025-02-02 19:43:29.392174,2025-02-02 19:43:29.392174,38.7
B07VTMHTDF,38.7,2025-02-02 19:43:36.750372,2025-02-02 19:43:36.750372,38.7
B07VTMHTDF,38.7,2025-02-02 19:46:34.575906,2025-02-02 19:46:34.575906,38.7
B07VTMHTDF,38.7,2025-02-02 19:46:38.752363,2025-02-02 19:46:38.752363,38.7
B07VTP4ZQW,38.4,2025-02-02 19:43:27.336627,2025-02-02 19:43:27.336627,38.4
B07VTP4ZQW,38.4,2025-02-02 19:43:34.995635,2025-02-02 19:43:34.995635,38.4
B07VTP4ZQW,38.4,2025-02-02 19:46:33.637786,2025-02-02 19:46:33.637786,38.4
B07VTP4ZQW,38.4,2025-02-02 19:46:37.728912,2025-02-02 19:46:37.728912,38.4
B083G15VSX,539.99,2025-02-02 19:47:18.185128,2025-02-02 19:47:18.185128,539.99
B083G15VSX,539.99,2025-02-02 19:47:19.708577,2025-02-02 19:47:19.708577,539.99
B083G15VSX,539.99,2025-02-02 19:47:21.139631,2025-02-02 19:47:21.139631,539.99
B083G15VSX,539.99,2025-02-02 19:47:21.820370,2025-02-02 19:47:21.820370,539.99
B083G15VSX,539.99,2025-02-02 19:47:23.137979,2025-02-02 19:47:23.137979,539.99
B083G15VSX,539.99,2025-02-02 19:47:24.592234,2025-02-02 19:47:24.592234,539.99
B083G15VSX,539.99,2025-02-02 21:14:09.898697,2025-02-02 21:14:09.898697,539.99
B083G15VSX,539.99,2025-02-02 21:14:10.062553,2025-02-02 21:14:10.062553,539.99
B083G15VSX,539.99,2025-02-02 21:14:13.076396,2025-02-02 21:14:13.076396,539.99
B083G15VSX,539.99,2025-02-02 21:14:13.323498,2025-02-02 21:14:13.323498,539.99
B083G15VSX,539.99,2025-02-02 21:14:13.487535,2025-02-02 21:14:13.487535,539.99
B083G15VSX,539.99,2025-02-02 21:14:17.022875,2025-02-02 21:14:17.022875,539.99
B084GYCRLB,208.99,2025-02-02 19:47:20.834270,2025-02-02 19:47:20.834270,208.99
B084GYCRLB,208.99,2025-02-02 19:47:24.378498,2025-02-02 19:47:24.378498,208.99
B084GYCRLB,208.99,2025-02-02 21:14:12.874290,2025-02-02 21:14:12.874290,208.99
B084GYCRLB,208.99,2025-02-02 21:14:16.473924,2025-02-02 21:14:16.473924,208.99
B08BX3M5FD,419.9,2025-02-02 21:14:13.605387,2025-02-02 21:14:13.605387,419.9
B08HMKWWY3,399.0,2025-02-02 19:47:20.557951,2025-02-02 19:47:20.557951,399.0
B08HMKWWY3,399.0,2025-02-02 19:47:24.104296,2025-02-02 19:47:24.104296,399.0
B08HMKWWY3,399.0,2025-02-02 21:14:12.699261,2025-02-02 21:14:12.699261,399.0
B08HMKWWY3,399.0,2025-02-02 21:14:16.312665,2025-02-02 21:14:16.312665,399.0
B08T9V1FG9,279.0,2025-02-02 19:47:18.010028,2025-02-02 19:47:18.010028,279.0
B08T9V1FG9,279.0,2025-02-02 19:47:21.610890,2025-02-02 19:47:21.610890,279.0
B08T9V1FG9,279.0,2025-02-02 21:14:09.939851,2025-02-02 21:14:09.939851,279.0
B08T9V1FG9,279.0,2025-02-02 21:14:13.365384,2025-02-02 21:14:13.365384,279.0
B08ZYVQX84,519.9,2025-02-02 19:47:21.184743,2025-02-02 19:47:21.184743,519.9
B08ZYVQX84,519.9,2025-02-02 19:47:24.633832,2025-02-02 19:47:24.633832,519.9
B08ZYVQX84,519.9,2025-02-02 21:14:13.160184,2025-02-02 21:14:13.160184,519.9
B08ZYVQX84,519.9,2025-02-02 21:14:17.322748,2025-02-02 21:14:17.322748,519.9
B0916JMS8R,319.0,2025-02-02 19:47:20.179196,2025-02-02 19:47:20.179196,319.0
B0916JMS8R,319.0,2025-02-02 19:47:23.740479,2025-02-02 19:47:23.740479,319.0
B0916JMS8R,319.0,2025-02-02 21:14:12.283268,2025-02-02 21:14:12.283268,319.0
B0916JMS8R,319.0,2025-02-02 21:14:15.569331,2025-02-02 21:14:15.569331,319.0
B09D3WTN2Y,279.0,2025-02-02 19:47:58.966826,2025-02-02 19:47:58.966826,279.0
B09FKZ53LN,194.99,2025-02-03 13:16:56.838980,2025-02-03 13:16:56.838980,194.99
B09FKZ53LN,194.99,2025-02-03 13:17:02.121672,2025-02-03 13:17:02.121672,194.99
B09FLCX2QB,179.99,2025-02-03 13:16:55.936934,2025-02-03 13:16:55.936934,179.99
B09FLCX2QB,179.99,2025-02-03 13:17:01.097091,2025-02-03 13:17:01.097091,179.99
B09FXSF448,119.9,2025-02-03 13:16:20.524734,2025-02-03 13:16:20.524734,119.9
B09HMXSB2B,274.0,2025-02-02 19:47:20.099258,2025-02-02 19:47:20.099258,274.0
B09HMXSB2B,274.0,2025-02-02 19:47:23.657288,2025-02-02 19:47:23.657288,274.0
B09HMXSB2B,274.0,2025-02-02 21:14:12.093199,2025-02-02 21:14:12.093199,274.0
B09HMXSB2B,274.0,2025-02-02 21:14:15.489262,2025-02-02 21:14:15.489262,274.0
B09J8SKX9G,24.87,2025-02-03 13:16:17.225636,2025-02-03 13:16:17.225636,24.87
B09J8SKX9G,24.87,2025-02-03 13:16:19.280507,2025-02-03 13:16:19.280507,24.87
B09JWWG4BY,113.5,2025-02-02 19:48:01.087473,2025-02-02 19:48:01.087473,113.5
B09N6SQ76M,269.99,2025-02-02 19:47:59.587882,2025-02-02 19:47:59.587882,269.99
B09N6STN6M,149.99,2025-02-02 19:47:59.049730,2025-02-02 19:47:59.049730,149.99
B09NW4BWFB,229.0,2025-02-02 19:47:20.750473,2025-02-02 19:47:20.750473,229.0
B09NW4BWFB,229.0,2025-02-02 19:47:24.292291,2025-02-02 19:47:24.292291,229.0
B09NW4BWFB,229.0,2025-02-02 21:14:12.741517,2025-02-02 21:14:12.741517,229.0
B09NW4BWFB,229.0,2025-02-02 21:14:16.353063,2025-02-02 21:14:16.353063,229.0
B09Q3Q3YDV,265.0,2025-02-02 19:47:18.776134,2025-02-02 19:47:18.776134,265.0
B09Q3Q3YDV,265.0,2025-02-02 19:47:22.192178,2025-02-02 19:47:22.192178,265.0
B09Q3Q3YDV,265.0,2025-02-02 21:14:10.694867,2025-02-02 21:14:10.694867,265.0
B09Q3Q3YDV,265.0,2025-02-02 21:14:13.905454,2025-02-02 21:14:13.905454,265.0
B09QH6KD26,126.9,2025-02-02 19:43:24.880299,2025-02-02 19:43:24.880299,126.9
B09QH6KD26,126.9,2025-02-02 19:43:32.037846,2025-02-02 19:43:32.037846,126.9
B09QH6KD26,126.9,2025-02-02 19:46:32.209059,2025-02-02 19:46:32.209059,126.9
B09QH6KD26,126.9,2025-02-02 19:46:36.375210,2025-02-02 19:46:36.375210,126.9
B09RQ4C4KX,198.5,2025-02-02 19:48:00.559738,2025-02-02 19:48:00.559738,198.5
B09T74KPR6,193.31,2025-02-02 19:47:59.504616,2025-02-02 19:47:59.504616,193.31
B09Y1LS4Q2,56.89,2025-02-03 13:16:20.588635,2025-02-03 13:16:20.588635,56.89
B09YXPRN14,699.0,2025-02-02 19:47:17.818078,2025-02-02 19:47:17.818078,699.0
B09YXPRN14,699.0,2025-02-02 19:47:18.142298,2025-02-02 19:47:18.142298,699.0
B09YXPRN14,699.0,2025-02-02 19:47:21.524143,2025-02-02 19:47:21.524143,699.0
B09YXPRN14,699.0,2025-02-02 19:47:21.773547,2025-02-02 19:47:21.773547,699.0
B09ZV7BJJM,131.15,2025-02-02 19:47:59.383081,2025-02-02 19:47:59.383081,131.15
B0B786BT7Z,85.9,2025-02-02 19:43:28.816370,2025-02-02 19:43:28.816370,85.9
B0B786BT7Z,85.9,2025-02-02 19:43:36.195446,2025-02-02 19:43:36.195446,85.9
B0B786BT7Z,85.9,2025-02-02 19:46:34.317689,2025-02-02 19:46:34.317689,85.9
B0B786BT7Z,85.9,2025-02-02 19:46:38.396039,2025-02-02 19:46:38.396039,85.9
B0B7XB1Y7V,138.46,2025-02-02 19:48:01.743837,2025-02-02 19:48:01.743837,138.46
B0B9MVFD1P,49.99,2025-02-03 13:16:18.484974,2025-02-03 13:16:18.484974,49.99
B0BCG8WJ75,439.0,2025-02-02 19:47:18.475183,2025-02-02 19:47:18.475183,439.0
B0BCG8WJ75,439.0,2025-02-02 19:47:22.112869,2025-02-02 19:47:22.112869,439.0
B0BCG8WJ75,439.0,2025-02-02 21:14:10.649827,2025-02-02 21:14:10.649827,439.0
B0BCG8WJ75,439.0,2025-02-02 21:14:13.862653,2025-02-02 21:14:13.862653,439.0
B0BCZDXQKM,174.99,2025-02-02 19:48:01.542775,2025-02-02 19:48:01.542775,174.99
B0BFB11YY6,458.0,2025-02-02 19:47:20.309292,2025-02-02 19:47:20.309292,458.0
B0BFB11YY6,458.0,2025-02-02 19:47:23.861946,2025-02-02 19:47:23.861946,458.0
B0BFB11YY6,458.0,2025-02-02 21:14:12.366856,2025-02-02 21:14:12.366856,458.0
B0BFB11YY6,458.0,2025-02-02 21:14:15.759041,2025-02-02 21:14:15.759041,458.0
B0BKSLNW7J,194.0,2025-02-02 19:48:01.126990,2025-02-02 19:48:01.126990,194.0
B0BKT2SDYB,279.0,2025-02-02 19:46:38.219650,2025-02-02 19:46:38.219650,279.0
B0BL27BC6G,29.99,2025-02-03 13:16:17.540305,2025-02-03 13:16:17.540305,29.99
B0BLV9834D,199.99,2025-02-02 19:47:18.432722,2025-02-02 19:47:18.432722,199.99
B0BLV9834D,199.99,2025-02-02 19:47:22.073336,2025-02-02 19:47:22.073336,199.99
B0BLV9834D,199.99,2025-02-02 21:14:10.454178,2025-02-02 21:14:10.454178,199.99
B0BLV9834D,199.99,2025-02-02 21:14:13.778447,2025-02-02 21:14:13.778447,199.99
B0BSF1DMQH,649.0,2025-02-02 19:47:17.777895,2025-02-02 19:47:17.777895,649.0
B0BSF1DMQH,649.0,2025-02-02 19:47:21.371028,2025-02-02 19:47:21.371028,649.0
B0BSF1DMQH,649.0,2025-02-02 21:14:09.772731,2025-02-02 21:14:09.772731,649.0
B0BSF1DMQH,649.0,2025-02-02 21:14:13.202503,2025-02-02 21:14:13.202503,649.0
B0BVQWZVWV,209.99,2025-02-02 19:48:01.827576,2025-02-02 19:48:01.827576,209.99
B0BWFLLW74,208.1,2025-02-02 19:48:01.866793,2025-02-02 19:48:01.866793,208.1
B0BWFNF2RJ,186.65,2025-02-02 19:47:59.715600,2025-02-02 19:47:59.715600,186.65
B0BWFP79TV,232.99,2025-02-02 19:48:01.045977,2025-02-02 19:48:01.045977,232.99
B0BWJ88MBH,59.99,2025-02-03 13:16:17.475959,2025-02-03 13:16:17.475959,59.99
B0BWS9WQDY,194.9,2025-02-02 19:43:26.996203,2025-02-02 19:43:26.996203,194.9
B0BWS9WQDY,194.9,2025-02-02 19:43:34.588000,2025-02-02 19:43:34.588000,194.9
B0BWS9WQDY,194.9,2025-02-02 19:46:33.351987,2025-02-02 19:46:33.351987,194.9
B0BWS9WQDY,194.9,2025-02-02 19:46:37.570075,2025-02-02 19:46:37.570075,194.9
B0BXB4G57L,169.0,2025-02-02 19:47:59.422838,2025-02-02 19:47:59.422838,169.0
B0BZHSPHBZ,95.99,2025-02-03 13:16:56.312926,2025-02-03 13:16:56.312926,95.99
B0BZHSPHBZ,95.99,2025-02-03 13:17:01.487627,2025-02-03 13:17:01.487627,95.99
B0C22RMPH9,564.99,2025-02-02 19:47:23.491175,2025-02-02 19:47:23.491175,564.99
B0C22RMPH9,564.99,2025-02-02 21:14:11.760055,2025-02-02 21:14:11.760055,564.99
B0C22RMPH9,564.99,2025-02-02 21:14:15.203136,2025-02-02 21:14:15.203136,564.99
B0C28SDKSK,251.3,2025-02-02 19:47:59.298266,2025-02-02 19:47:59.298266,251.3
B0C28SDKSK,251.3,2025-02-02 19:47:59.955712,2025-02-02 19:47:59.955712,251.3
B0C28SDKSK,251.3,2025-02-02 19:48:02.259798,2025-02-02 19:48:02.259798,251.3
B0C2PPXVP2,259.0,2025-02-02 19:48:00.270713,2025-02-02 19:48:00.270713,259.0
B0C3MMYHC7,189.0,2025-02-02 19:48:00.922506,2025-02-02 19:48:00.922506,189.0
B0C5N4NWFM,356.89,2025-02-02 19:48:00.605924,2025-02-02 19:48:00.605924,356.89
B0C8NWT1QZ,54.9,2025-02-03 13:16:19.020769,2025-02-03 13:16:19.020769,54.9
B0C9R6JF5K,169.99,2025-02-02 19:48:01.785836,2025-02-02 19:48:01.785836,169.99
B0CBS1TBWH,189.0,2025-02-02 19:48:02.073766,2025-02-02 19:48:02.073766,189.0
B0CBVR9HSK,328.5,2025-02-02 19:47:20.059254,2025-02-02 19:47:20.059254,328.5
B0CBVR9HSK,328.5,2025-02-02 19:47:23.614522,2025-02-02 19:47:23.614522,328.5
B0CBVR9HSK,328.5,2025-02-02 21:14:12.052139,2025-02-02 21:14:12.052139,328.5
B0CBVR9HSK,328.5,2025-02-02 21:14:15.450254,2025-02-02 21:14:15.450254,328.5
B0CDLVCQ5C,144.0,2025-02-03 13:16:54.828551,2025-02-03 13:16:54.828551,144.0
B0CDLVCQ5C,144.0,2025-02-03 13:16:59.944271,2025-02-03 13:16:59.944271,144.0
B0CDXLDB6B,167.0,2025-02-03 13:16:20.265152,2025-02-03 13:16:20.265152,167.0
B0CF5ZQH7Y,169.0,2025-02-02 19:48:00.089823,2025-02-02 19:48:00.089823,169.0
B0CF61DTJW,229.0,2025-02-02 19:47:58.779859,2025-02-02 19:47:58.779859,229.0
B0CF61DTJW,229.0,2025-02-02 19:47:59.210668,2025-02-02 19:47:59.210668,229.0
B0CGDJ67QR,849.0,2025-02-02 19:47:19.619906,2025-02-02 19:47:19.619906,849.0
B0CGDJ67QR,849.0,2025-02-02 19:47:23.057189,2025-02-02 19:47:23.057189,849.0
B0CGDJ67QR,849.0,2025-02-02 21:14:11.719030,2025-02-02 21:14:11.719030,849.0
B0CGDJ67QR,849.0,2025-02-02 21:14:15.162439,2025-02-02 21:14:15.162439,849.0
B0CGY4N1RF,124.99,2025-02-02 19:47:59.464651,2025-02-02 19:47:59.464651,124.99
B0CHNHXVMR,29.99,2025-02-03 13:16:19.218684,2025-02-03 13:16:19.218684,29.99
B0CJ4ZZWRN,89.9,2025-02-03 13:16:20.327474,2025-02-03 13:16:20.327474,89.9
B0CJR1LJVV,49.99,2025-02-03 13:16:19.865425,2025-02-03 13:16:19.865425,49.99
B0CJR1M69Q,24.68,2025-02-03 13:16:19.088947,2025-02-03 13:16:19.088947,24.68
B0CJY9CB28,69.99,2025-02-03 13:16:53.445200,2025-02-03 13:16:53.445200,69.99
B0CJY9CB28,69.99,2025-02-03 13:16:58.504446,2025-02-03 13:16:58.504446,69.99
B0CK8D4G2G,519.0,2025-02-02 19:47:18.899766,2025-02-02 19:47:18.899766,519.0
B0CK8D4G2G,519.0,2025-02-02 19:47:22.319421,2025-02-02 19:47:22.319421,519.0
B0CK8D4G2G,519.0,2025-02-02 21:14:10.822931,2025-02-02 21:14:10.822931,519.0
B0CK8D4G2G,519.0,2025-02-02 21:14:14.155507,2025-02-02 21:14:14.155507,519.0
B0CK8D97V1,279.0,2025-02-02 19:47:20.793058,2025-02-02 19:47:20.793058,279.0
B0CK8D97V1,279.0,2025-02-02 19:47:24.335279,2025-02-02 19:47:24.335279,279.0
B0CK8D97V1,279.0,2025-02-02 21:14:12.785968,2025-02-02 21:14:12.785968,279.0
B0CK8D97V1,279.0,2025-02-02 21:14:16.393873,2025-02-02 21:14:16.393873,279.0
B0CKLT46MV,129.0,2025-02-02 19:43:28.917112,2025-02-02 19:43:28.917112,129.0
B0CKLT46MV,129.0,2025-02-02 19:43:36.291630,2025-02-02 19:43:36.291630,129.0
B0CKLT46MV,129.0,2025-02-02 19:46:34.363560,2025-02-02 19:46:34.363560,129.0
B0CKLT46MV,129.0,2025-02-02 19:46:38.437001,2025-02-02 19:46:38.437001,129.0
B0CKLTZRX7,126.0,2025-02-02 19:43:30.131657,2025-02-02 19:43:30.131657,126.0
B0CKLTZRX7,126.0,2025-02-02 19:43:37.787988,2025-02-02 19:43:37.787988,126.0
B0CKLTZRX7,126.0,2025-02-02 19:46:34.999382,2025-02-02 19:46:34.999382,126.0
B0CKLTZRX7,126.0,2025-02-02 19:46:39.277045,2025-02-02 19:46:39.277045,126.0
B0CKXDGF6J,274.99,2025-02-02 19:47:59.008496,2025-02-02 19:47:59.008496,274.99
B0CKXDGF6J,274.99,2025-02-02 19:47:59.254574,2025-02-02 19:47:59.254574,274.99
B0CLNN1Y2J,86.98,2025-02-03 13:16:53.712372,2025-02-03 13:16:53.712372,86.98
B0CLNN1Y2J,86.98,2025-02-03 13:16:58.784570,2025-02-03 13:16:58.784570,86.98
B0CM3YWJVL,109.9,2025-02-02 19:43:29.745859,2025-02-02 19:43:29.745859,109.9
B0CM3YWJVL,109.9,2025-02-02 19:43:37.409734,2025-02-02 19:43:37.409734,109.9
B0CM3YWJVL,109.9,2025-02-02 19:46:34.818662,2025-02-02 19:46:34.818662,109.9
B0CM3YWJVL,109.9,2025-02-02 19:46:38.992672,2025-02-02 19:46:38.992672,109.9
B0CMD4SSL2,129.0,2025-02-03 13:16:54.700250,2025-02-03 13:16:54.700250,129.0
B0CMD4SSL2,129.0,2025-02-03 13:16:59.810021,2025-02-03 13:16:59.810021,129.0
B0CMD82VC4,115.0,2025-02-03 13:16:53.841502,2025-02-03 13:16:53.841502,115.0
B0CMD82VC4,115.0,2025-02-03 13:16:58.921011,2025-02-03 13:16:58.921011,115.0
B0CMD9PNVX,209.0,2025-02-03 13:16:53.273086,2025-02-03 13:16:53.273086,209.0
B0CMD9PNVX,209.0,2025-02-03 13:16:58.433625,2025-02-03 13:16:58.433625,209.0
B0CMD9WWC9,194.0,2025-02-03 13:16:54.430974,2025-02-03 13:16:54.430974,194.0
B0CMD9WWC9,194.0,2025-02-03 13:16:59.544724,2025-02-03 13:16:59.544724,194.0
B0CMWHXFYL,93.91,2025-02-03 13:16:58.269251,2025-02-03 13:16:58.269251,93.91
B0CMWHXFYL,93.91,2025-02-03 13:16:59.051378,2025-02-03 13:16:59.051378,93.91
B0CMWJCHHN,89.98,2025-02-03 13:16:53.207675,2025-02-03 13:16:53.207675,89.98
B0CMWJCHHN,89.98,2025-02-03 13:16:58.362820,2025-02-03 13:16:58.362820,89.98
B0CN12J4Y2,123.9,2025-02-02 19:43:26.679182,2025-02-02 19:43:26.679182,123.9
B0CN12J4Y2,123.9,2025-02-02 19:43:34.118566,2025-02-02 19:43:34.118566,123.9
B0CN12J4Y2,123.9,2025-02-02 19:46:33.227465,2025-02-02 19:46:33.227465,123.9
B0CN12J4Y2,123.9,2025-02-02 19:46:37.444641,2025-02-02 19:46:37.444641,123.9
B0CN12K224,233.99,2025-02-02 19:43:26.206526,2025-02-02 19:43:26.206526,233.99
B0CN12K224,233.99,2025-02-02 19:43:33.479932,2025-02-02 19:43:33.479932,233.99
B0CN12K224,233.99,2025-02-02 19:46:32.908289,2025-02-02 19:46:32.908289,233.99
B0CN12K224,233.99,2025-02-02 19:46:37.115209,2025-02-02 19:46:37.115209,233.99
B0CN4Q1MBF,259.99,2025-02-02 19:48:02.381846,2025-02-02 19:48:02.381846,259.99
B0CN5LBKLL,114.9,2025-02-03 13:16:56.769294,2025-02-03 13:16:56.769294,114.9
B0CN5LBKLL,114.9,2025-02-03 13:17:02.048164,2025-02-03 13:17:02.048164,114.9
B0CNKVVXJK,169.99,2025-02-02 19:43:32.580826,2025-02-02 19:43:32.580826,169.99
B0CNKVVXJK,169.99,2025-02-02 19:43:33.910090,2025-02-02 19:43:33.910090,169.99
B0CNN9K45X,62.99,2025-02-03 13:16:56.002875,2025-02-03 13:16:56.002875,62.99
B0CNN9K45X,62.99,2025-02-03 13:17:01.167634,2025-02-03 13:17:01.167634,62.99
B0CNWDDKJD,529.99,2025-02-02 19:47:21.568966,2025-02-02 19:47:21.568966,529.99
B0CNWDDKJD,529.99,2025-02-02 21:14:09.818637,2025-02-02 21:14:09.818637,529.99
B0CNWDDKJD,529.99,2025-02-02 21:14:13.242963,2025-02-02 21:14:13.242963,529.99
B0CNWFDV94,229.99,2025-02-02 19:47:18.099505,2025-02-02 19:47:18.099505,229.99
B0CNWFDV94,229.99,2025-02-02 19:47:21.720562,2025-02-02 19:47:21.720562,229.99
B0CNWFDV94,229.99,2025-02-02 21:14:10.021966,2025-02-02 21:14:10.021966,229.99
B0CNWFDV94,229.99,2025-02-02 21:14:13.447746,2025-02-02 21:14:13.447746,229.99
B0CNXY3XYY,1199.0,2025-02-02 21:14:13.650852,2025-02-02 21:14:13.650852,1199.0
B0CNXY3XYY,1199.0,2025-02-02 21:14:16.669657,2025-02-02 21:14:16.669657,1199.0
B0CP6258QF,499.0,2025-02-02 19:47:21.098261,2025-02-02 19:47:21.098261,499.0
B0CP6258QF,499.0,2025-02-02 19:47:24.547963,2025-02-02 19:47:24.547963,499.0
B0CP6258QF,499.0,2025-02-02 21:14:12.996575,2025-02-02 21:14:12.996575,499.0
B0CP6258QF,499.0,2025-02-02 21:14:16.823539,2025-02-02 21:14:16.823539,499.0
B0CP7V6SYC,529.99,2025-02-02 19:47:19.182544,2025-02-02 19:47:19.182544,529.99
B0CP7V6SYC,529.99,2025-02-02 19:47:22.613682,2025-02-02 19:47:22.613682,529.99
B0CP7V6SYC,529.99,2025-02-02 21:14:11.426923,2025-02-02 21:14:11.426923,529.99
B0CP7V6SYC,529.99,2025-02-02 21:14:14.869614,2025-02-02 21:14:14.869614,529.99
B0CQ2Q1DWN,2099.0,2025-02-02 21:14:15.327973,2025-02-02 21:14:15.327973,2099.0
B0CQ2Q1DWN,2099.0,2025-02-02 21:14:16.979689,2025-02-02 21:14:16.979689,2099.0
B0CQ5JQRTD,329.9,2025-02-02 19:47:18.621996,2025-02-02 19:47:18.621996,329.9
B0CQ5JQRTD,329.9,2025-02-02 19:47:22.152078,2025-02-02 19:47:22.152078,329.9
B0CQ5JQRTD,329.9,2025-02-02 21:14:10.494496,2025-02-02 21:14:10.494496,329.9
B0CQ5JQRTD,329.9,2025-02-02 21:14:13.818443,2025-02-02 21:14:13.818443,329.9
B0CQD9W4D2,559.9,2025-02-02 19:47:21.058611,2025-02-02 19:47:21.058611,559.9
B0CQD9W4D2,559.9,2025-02-02 19:47:24.506108,2025-02-02 19:47:24.506108,559.9
B0CQD9W4D2,559.9,2025-02-02 21:14:11.802442,2025-02-02 21:14:11.802442,559.9
B0CQD9W4D2,559.9,2025-02-02 21:14:15.244457,2025-02-02 21:14:15.244457,559.9
B0CQK8TZCF,29.93,2025-02-03 13:16:17.286753,2025-02-03 13:16:17.286753,29.93
B0CQK8TZCF,29.93,2025-02-03 13:16:17.859528,2025-02-03 13:16:17.859528,29.93
B0CQK8TZCF,29.93,2025-02-03 13:16:18.110705,2025-02-03 13:16:18.110705,29.93
B0CQRP7BG1,174.99,2025-02-02 19:48:01.700256,2025-02-02 19:48:01.700256,174.99
B0CRF5VT83,84.46,2025-02-02 19:43:30.039641,2025-02-02 19:43:30.039641,84.46
B0CRF5VT83,84.46,2025-02-02 19:43:37.691716,2025-02-02 19:43:37.691716,84.46
B0CRF5VT83,84.46,2025-02-02 19:46:34.955167,2025-02-02 19:46:34.955167,84.46
B0CRF5VT83,84.46,2025-02-02 19:46:39.232636,2025-02-02 19:46:39.232636,84.46
B0CRRSDZ5R,102.9,2025-02-02 19:43:29.846969,2025-02-02 19:43:29.846969,102.9
B0CRRSDZ5R,102.9,2025-02-02 19:43:37.512505,2025-02-02 19:43:37.512505,102.9
B0CRRSDZ5R,102.9,2025-02-02 19:46:34.864799,2025-02-02 19:46:34.864799,102.9
B0CRRSDZ5R,102.9,2025-02-02 19:46:39.040221,2025-02-02 19:46:39.040221,102.9
B0CSCTZ85W,65.99,2025-02-03 13:16:54.499035,2025-02-03 13:16:54.499035,65.99
B0CSCTZ85W,65.99,2025-02-03 13:16:59.617720,2025-02-03 13:16:59.617720,65.99
B0CSG2JH4Y,109.0,2025-02-02 19:43:26.122492,2025-02-02 19:43:26.122492,109.0
B0CSG2JH4Y,109.0,2025-02-02 19:43:33.379374,2025-02-02 19:43:33.379374,109.0
B0CSG2JH4Y,109.0,2025-02-02 19:46:32.863406,2025-02-02 19:46:32.863406,109.0
B0CSG2JH4Y,109.0,2025-02-02 19:46:37.071772,2025-02-02 19:46:37.071772,109.0
B0CSG93BF7,144.4,2025-02-02 19:43:26.297292,2025-02-02 19:43:26.297292,144.4
B0CSG93BF7,144.4,2025-02-02 19:43:33.673300,2025-02-02 19:43:33.673300,144.4
B0CSG93BF7,144.4,2025-02-02 19:46:32.950525,2025-02-02 19:46:32.950525,144.4
B0CSG93BF7,144.4,2025-02-02 19:46:37.159526,2025-02-02 19:46:37.159526,144.4
B0CSPM7CXK,114.8,2025-02-03 13:16:20.202890,2025-02-03 13:16:20.202890,114.8
B0CSPP5X5G,119.0,2025-02-03 13:16:53.515620,2025-02-03 13:16:53.515620,119.0
B0CSPP5X5G,119.0,2025-02-03 13:16:58.573566,2025-02-03 13:16:58.573566,119.0
B0CSS5W3JP,29.88,2025-02-03 13:16:19.802742,2025-02-03 13:16:19.802742,29.88
B0CSSR9G4R,99.98,2025-02-02 19:43:29.101029,2025-02-02 19:43:29.101029,99.98
B0CSSR9G4R,99.98,2025-02-02 19:43:36.473084,2025-02-02 19:43:36.473084,99.98
B0CSSR9G4R,99.98,2025-02-02 19:46:34.451239,2025-02-02 19:46:34.451239,99.98
B0CSSR9G4R,99.98,2025-02-02 19:46:38.520180,2025-02-02 19:46:38.520180,99.98
B0CSSZXFYK,299.99,2025-02-03 13:17:00.156297,2025-02-03 13:17:00.156297,299.99
B0CST8ZHBC,296.8,2025-02-03 13:16:56.444841,2025-02-03 13:16:56.444841,296.8
B0CST8ZHBC,296.8,2025-02-03 13:17:01.616965,2025-02-03 13:17:01.616965,296.8
B0CT5PP3FX,295.99,2025-02-02 19:47:20.517481,2025-02-02 19:47:20.517481,295.99
B0CT5PP3FX,295.99,2025-02-02 19:47:24.059850,2025-02-02 19:47:24.059850,295.99
B0CT5PP3FX,295.99,2025-02-02 21:14:12.655565,2025-02-02 21:14:12.655565,295.99
B0CT5PP3FX,295.99,2025-02-02 21:14:16.269493,2025-02-02 21:14:16.269493,295.99
B0CT62F6PF,473.99,2025-02-02 21:14:12.915800,2025-02-02 21:14:12.915800,473.99
B0CT62F6PF,473.99,2025-02-02 21:14:16.514148,2025-02-02 21:14:16.514148,473.99
B0CTCCZ2VV,539.0,2025-02-02 19:47:19.270157,2025-02-02 19:47:19.270157,539.0
B0CTCCZ2VV,539.0,2025-02-02 19:47:22.697589,2025-02-02 19:47:22.697589,539.0
B0CTCCZ2VV,539.0,2025-02-02 21:14:11.270496,2025-02-02 21:14:11.270496,539.0
B0CTCCZ2VV,539.0,2025-02-02 21:14:14.824004,2025-02-02 21:14:14.824004,539.0
B0CTCXKSBS,1899.0,2025-02-02 19:47:18.979839,2025-02-02 19:47:18.979839,1899.0
B0CTCXKSBS,1899.0,2025-02-02 19:47:22.400346,2025-02-02 19:47:22.400346,1899.0
B0CTCXKSBS,1899.0,2025-02-02 21:14:10.979487,2025-02-02 21:14:10.979487,1899.0
B0CTCXKSBS,1899.0,2025-02-02 21:14:14.312716,2025-02-02 21:14:14.312716,1899.0
B0CTG3JNMF,149.99,2025-02-02 19:43:35.815265,2025-02-02 19:43:35.815265,149.99
B0CTG3JNMF,149.99,2025-02-02 19:46:33.944701,2025-02-02 19:46:33.944701,149.99
B0CTG3JNMF,149.99,2025-02-02 19:46:38.131438,2025-02-02 19:46:38.131438,149.99
B0CTMQP3RK,349.0,2025-02-03 13:16:56.246083,2025-02-03 13:16:56.246083,349.0
B0CTMQP3RK,349.0,2025-02-03 13:17:01.423081,2025-02-03 13:17:01.423081,349.0
B0CTTTFZ16,361.99,2025-02-02 19:48:00.226564,2025-02-02 19:48:00.226564,361.99
B0CV4DLQGL,699.0,2025-02-02 19:47:18.227173,2025-02-02 19:47:18.227173,699.0
B0CV4DLQGL,699.0,2025-02-02 19:47:19.794420,2025-02-02 19:47:19.794420,699.0
B0CV4DLQGL,699.0,2025-02-02 19:47:21.866453,2025-02-02 19:47:21.866453,699.0
B0CV4DLQGL,699.0,2025-02-02 19:47:23.449579,2025-02-02 19:47:23.449579,699.0
B0CVFYFTWS,244.99,2025-02-02 19:47:59.343325,2025-02-02 19:47:59.343325,244.99
B0CW5ZQ2YX,749.99,2025-02-02 19:47:19.100713,2025-02-02 19:47:19.100713,749.99
B0CW5ZQ2YX,749.99,2025-02-02 19:47:22.528668,2025-02-02 19:47:22.528668,749.99
B0CW5ZQ2YX,749.99,2025-02-02 21:14:11.104987,2025-02-02 21:14:11.104987,749.99
B0CW5ZQ2YX,749.99,2025-02-02 21:14:14.544078,2025-02-02 21:14:14.544078,749.99
B0CW68YK1N,649.99,2025-02-02 19:47:19.355197,2025-02-02 19:47:19.355197,649.99
B0CW68YK1N,649.99,2025-02-02 19:47:22.886993,2025-02-02 19:47:22.886993,649.99
B0CW68YK1N,649.99,2025-02-02 21:14:11.594294,2025-02-02 21:14:11.594294,649.99
B0CW68YK1N,649.99,2025-02-02 21:14:15.037685,2025-02-02 21:14:15.037685,649.99
B0CW6M11F5,117.0,2025-02-02 19:43:29.624928,2025-02-02 19:43:29.624928,117.0
B0CW6M11F5,117.0,2025-02-02 19:43:37.185068,2025-02-02 19:43:37.185068,117.0
B0CW6M11F5,117.0,2025-02-02 19:46:34.664635,2025-02-02 19:46:34.664635,117.0
B0CW6M11F5,117.0,2025-02-02 19:46:38.946190,2025-02-02 19:46:38.946190,117.0
B0CWRT965H,677.18,2025-02-02 19:47:18.348270,2025-02-02 19:47:18.348270,677.18
B0CWRT965H,677.18,2025-02-02 19:47:21.994292,2025-02-02 19:47:21.994292,677.18
B0CWRT965H,677.18,2025-02-02 21:14:10.372869,2025-02-02 21:14:10.372869,677.18
B0CWRT965H,677.18,2025-02-02 21:14:13.691558,2025-02-02 21:14:13.691558,677.18
B0CWV37N2H,126.99,2025-02-02 19:47:59.170973,2025-02-02 19:47:59.170973,126.99
B0CWV37N2H,126.99,2025-02-02 19:48:00.795741,2025-02-02 19:48:00.795741,126.99
B0CX83WP8C,30.99,2025-02-03 13:16:18.043972,2025-02-03 13:16:18.043972,30.99
B0CX9BV1QB,88.06,2025-02-02 19:43:28.412490,2025-02-02 19:43:28.412490,88.06
B0CX9BV1QB,88.06,2025-02-02 19:43:35.923417,2025-02-02 19:43:35.923417,88.06
B0CX9BV1QB,88.06,2025-02-02 19:46:34.078799,2025-02-02 19:46:34.078799,88.06
B0CX9BV1QB,88.06,2025-02-02 19:46:38.265921,2025-02-02 19:46:38.265921,88.06
B0CXF49BXG,349.9,2025-02-02 19:47:59.671769,2025-02-02 19:47:59.671769,349.9
B0CXF49BXG,349.9,2025-02-02 19:48:00.750157,2025-02-02 19:48:00.750157,349.9
B0CXJDKQXR,74.83,2025-02-02 19:43:29.945417,2025-02-02 19:43:29.945417,74.83
B0CXJDKQXR,74.83,2025-02-02 19:43:37.609749,2025-02-02 19:43:37.609749,74.83
B0CXJDKQXR,74.83,2025-02-02 19:46:34.911647,2025-02-02 19:46:34.911647,74.83
B0CXJDKQXR,74.83,2025-02-02 19:46:39.082482,2025-02-02 19:46:39.082482,74.83
B0CXTPKCVM,312.0,2025-02-02 19:48:02.339568,2025-02-02 19:48:02.339568,312.0
B0CXXFNNMM,49.99,2025-02-03 13:16:18.423715,2025-02-03 13:16:18.423715,49.99
B0CXXM23W9,49.99,2025-02-03 13:16:16.968028,2025-02-03 13:16:16.968028,49.99
B0CY2YN2YB,799.0,2025-02-02 19:47:19.753338,2025-02-02 19:47:19.753338,799.0
B0CY2YN2YB,799.0,2025-02-02 19:47:23.292427,2025-02-02 19:47:23.292427,799.0
B0CYBVPW33,29.99,2025-02-03 13:16:20.391422,2025-02-03 13:16:20.391422,29.99
B0CYGN1JX2,179.9,2025-02-02 19:43:28.516283,2025-02-02 19:43:28.516283,179.9
B0CYGN1JX2,179.9,2025-02-02 19:43:36.019552,2025-02-02 19:43:36.019552,179.9
B0CYGN1JX2,179.9,2025-02-02 19:46:34.226320,2025-02-02 19:46:34.226320,179.9
B0CYGN1JX2,179.9,2025-02-02 19:46:38.307898,2025-02-02 19:46:38.307898,179.9
B0CYNXGQCY,59.99,2025-02-03 13:16:53.585701,2025-02-03 13:16:53.585701,59.99
B0CYNXGQCY,59.99,2025-02-03 13:16:58.646773,2025-02-03 13:16:58.646773,59.99
B0CYQ8P5L8,2299.0,2025-02-02 19:47:18.940475,2025-02-02 19:47:18.940475,2299.0
B0CYQ8P5L8,2299.0,2025-02-02 19:47:22.359669,2025-02-02 19:47:22.359669,2299.0
B0CYQ8P5L8,2299.0,2025-02-02 21:14:09.858026,2025-02-02 21:14:09.858026,2299.0
B0CYQ8P5L8,2299.0,2025-02-02 21:14:13.283362,2025-02-02 21:14:13.283362,2299.0
B0CYZQ6JYB,304.0,2025-02-02 19:48:01.170303,2025-02-02 19:48:01.170303,304.0
B0CZ3JN257,89.98,2025-02-03 13:16:54.093541,2025-02-03 13:16:54.093541,89.98
B0CZ3JN257,89.98,2025-02-03 13:16:59.191008,2025-02-03 13:16:59.191008,89.98
B0CZP9G36Z,784.0,2025-02-02 19:48:02.299974,2025-02-02 19:48:02.299974,784.0
B0CZPD2L6L,599.0,2025-02-02 19:48:02.032793,2025-02-02 19:48:02.032793,599.0
B0CZTGBYSX,145.9,2025-02-02 19:48:00.002453,2025-02-02 19:48:00.002453,145.9
B0CZWPDP34,269.0,2025-02-02 19:48:00.358374,2025-02-02 19:48:00.358374,269.0
B0CZWPG28G,138.0,2025-02-02 19:47:59.131358,2025-02-02 19:47:59.131358,138.0
B0CZXPBW82,279.0,2025-02-02 19:48:00.138525,2025-02-02 19:48:00.138525,279.0
B0D17WQ8WX,899.0,2025-02-02 19:48:01.950446,2025-02-02 19:48:01.950446,899.0
B0D18F23QW,2459.0,2025-02-02 19:47:19.019655,2025-02-02 19:47:19.019655,2459.0
B0D18F23QW,2459.0,2025-02-02 19:47:22.443340,2025-02-02 19:47:22.443340,2459.0
B0D18F23QW,2459.0,2025-02-02 21:14:11.063393,2025-02-02 21:14:11.063393,2459.0
B0D18F23QW,2459.0,2025-02-02 21:14:14.396000,2025-02-02 21:14:14.396000,2459.0
B0D1G2236X,85.0,2025-02-02 19:43:25.781366,2025-02-02 19:43:25.781366,85.0
B0D1G2236X,85.0,2025-02-02 19:43:32.921863,2025-02-02 19:43:32.921863,85.0
B0D1G2236X,85.0,2025-02-02 19:46:32.680034,2025-02-02 19:46:32.680034,85.0
B0D1G2236X,85.0,2025-02-02 19:46:36.893123,2025-02-02 19:46:36.893123,85.0
B0D2DRXCJG,399.0,2025-02-02 19:48:00.048365,2025-02-02 19:48:00.048365,399.0
B0D2DV1M8Z,479.0,2025-02-02 19:48:00.962366,2025-02-02 19:48:00.962366,479.0
B0D2KNZKHK,189.9,2025-02-02 19:43:25.867817,2025-02-02 19:43:25.867817,189.9
B0D2KNZKHK,189.9,2025-02-02 19:43:33.018575,2025-02-02 19:43:33.018575,189.9
B0D2KNZKHK,189.9,2025-02-02 19:46:32.727171,2025-02-02 19:46:32.727171,189.9
B0D2KNZKHK,189.9,2025-02-02 19:46:36.938673,2025-02-02 19:46:36.938673,189.9
B0D2RQBHF5,49.99,2025-02-03 13:16:18.550586,2025-02-03 13:16:18.550586,49.99
B0D2W5M1KB,150.0,2025-02-02 19:43:27.083851,2025-02-02 19:43:27.083851,150.0
B0D2W5M1KB,150.0,2025-02-02 19:43:34.680559,2025-02-02 19:43:34.680559,150.0
B0D2W5M1KB,150.0,2025-02-02 19:46:33.392276,2025-02-02 19:46:33.392276,150.0
B0D2W5M1KB,150.0,2025-02-02 19:46:37.609110,2025-02-02 19:46:37.609110,150.0
B0D31PQ1SH,125.99,2025-02-02 19:48:00.181283,2025-02-02 19:48:00.181283,125.99
B0D31WVBNF,219.99,2025-02-02 19:47:58.823716,2025-02-02 19:47:58.823716,219.99
B0D3C6V4KR,298.37,2025-02-02 19:48:01.906905,2025-02-02 19:48:01.906905,298.37
B0D3QDHSXL,59.99,2025-02-03 13:16:16.775147,2025-02-03 13:16:16.775147,59.99
B0D3RFQ7YF,209.0,2025-02-03 13:16:54.279343,2025-02-03 13:16:54.279343,209.0
B0D3RFQ7YF,209.0,2025-02-03 13:16:59.384313,2025-02-03 13:16:59.384313,209.0
B0D41NGRRD,69.99,2025-02-03 13:16:56.173674,2025-02-03 13:16:56.173674,69.99
B0D41NGRRD,69.99,2025-02-03 13:17:01.241469,2025-02-03 13:17:01.241469,69.99
B0D451HM5F,98.98,2025-02-03 13:16:56.701631,2025-02-03 13:16:56.701631,98.98
B0D451HM5F,98.98,2025-02-03 13:17:01.875092,2025-02-03 13:17:01.875092,98.98
B0D474S77Z,19.99,2025-02-03 13:16:17.028350,2025-02-03 13:16:17.028350,19.99
B0D4F4974M,235.0,2025-02-03 13:17:02.206704,2025-02-03 13:17:02.206704,235.0
B0D4MLHLHJ,329.0,2025-02-02 19:48:01.306910,2025-02-02 19:48:01.306910,329.0
B0D4R5TP82,201.99,2025-02-02 19:43:29.201844,2025-02-02 19:43:29.201844,201.99
B0D4R5TP82,201.99,2025-02-02 19:43:36.567857,2025-02-02 19:43:36.567857,201.99
B0D4R5TP82,201.99,2025-02-02 19:46:34.490798,2025-02-02 19:46:34.490798,201.99
B0D4R5TP82,201.99,2025-02-02 19:46:38.668609,2025-02-02 19:46:38.668609,201.99
B0D4Z3LX28,44.77,2025-02-03 13:16:18.231382,2025-02-03 13:16:18.231382,44.77
B0D54CZXPJ,189.99,2025-02-02 19:47:19.060658,2025-02-02 19:47:19.060658,189.99
B0D54CZXPJ,189.99,2025-02-02 19:47:22.486785,2025-02-02 19:47:22.486785,189.99
B0D54CZXPJ,189.99,2025-02-02 21:14:11.146199,2025-02-02 21:14:11.146199,189.99
B0D54CZXPJ,189.99,2025-02-02 21:14:14.586315,2025-02-02 21:14:14.586315,189.99
B0D575HGBC,51.43,2025-02-03 13:16:19.609834,2025-02-03 13:16:19.609834,51.43
B0D5B6PPLW,289.99,2025-02-02 21:14:12.831467,2025-02-02 21:14:12.831467,289.99
B0D5B6PPLW,289.99,2025-02-02 21:14:16.434893,2025-02-02 21:14:16.434893,289.99
B0D5CWSQJD,129.99,2025-02-02 19:46:36.769712,2025-02-02 19:46:36.769712,129.99
B0D5HDXPP6,189.99,2025-02-02 19:43:38.621539,2025-02-02 19:43:38.621539,189.99
B0D5RDYHSZ,70.99,2025-02-02 19:43:24.794427,2025-02-02 19:43:24.794427,70.99
B0D5RDYHSZ,70.99,2025-02-02 19:43:31.921815,2025-02-02 19:43:31.921815,70.99
B0D5RDYHSZ,70.99,2025-02-02 19:46:32.169301,2025-02-02 19:46:32.169301,70.99
B0D5RDYHSZ,70.99,2025-02-02 19:46:36.212919,2025-02-02 19:46:36.212919,70.99
B0D5RFLLH4,229.0,2025-02-02 19:47:19.575584,2025-02-02 19:47:19.575584,229.0
B0D5RFLLH4,229.0,2025-02-02 19:47:23.015986,2025-02-02 19:47:23.015986,229.0
B0D5RFLLH4,229.0,2025-02-02 21:14:11.552745,2025-02-02 21:14:11.552745,229.0
B0D5RFLLH4,229.0,2025-02-02 21:14:14.993059,2025-02-02 21:14:14.993059,229.0
B0D66M83HD,499.69,2025-02-02 19:47:21.018550,2025-02-02 19:47:21.018550,499.69
B0D66M83HD,499.69,2025-02-02 19:47:24.464512,2025-02-02 19:47:24.464512,499.69
B0D6GGF369,139.29,2025-02-02 19:48:00.403098,2025-02-02 19:48:00.403098,139.29
B0D6LDZTTM,85.0,2025-02-02 19:43:25.694126,2025-02-02 19:43:25.694126,85.0
B0D6LDZTTM,85.0,2025-02-02 19:43:32.810316,2025-02-02 19:43:32.810316,85.0
B0D6LDZTTM,85.0,2025-02-02 19:46:32.635964,2025-02-02 19:46:32.635964,85.0
B0D6LDZTTM,85.0,2025-02-02 19:46:36.849687,2025-02-02 19:46:36.849687,85.0
B0D6NB9RC8,199.9,2025-02-02 19:48:01.348699,2025-02-02 19:48:01.348699,199.9
B0D6V4ZTVK,63.99,2025-02-03 13:16:54.636888,2025-02-03 13:16:54.636888,63.99
B0D6V4ZTVK,63.99,2025-02-03 13:16:59.748153,2025-02-03 13:16:59.748153,63.99
B0D6VX68ZJ,79.99,2025-02-02 19:43:38.319598,2025-02-02 19:43:38.319598,79.99
B0D72XCMKF,12.99,2025-02-03 13:16:18.955154,2025-02-03 13:16:18.955154,12.99
B0D78SFPNM,239.9,2025-02-02 19:43:27.250801,2025-02-02 19:43:27.250801,239.9
B0D78SFPNM,239.9,2025-02-02 19:43:34.900916,2025-02-02 19:43:34.900916,239.9
B0D78SFPNM,239.9,2025-02-02 19:46:33.589224,2025-02-02 19:46:33.589224,239.9
B0D78SFPNM,239.9,2025-02-02 19:46:37.688125,2025-02-02 19:46:37.688125,239.9
B0D7BX4BXG,219.99,2025-02-02 19:47:20.350065,2025-02-02 19:47:20.350065,219.99
B0D7BX4BXG,219.99,2025-02-02 19:47:23.901858,2025-02-02 19:47:23.901858,219.99
B0D7BX4BXG,219.99,2025-02-02 21:14:12.452330,2025-02-02 21:14:12.452330,219.99
B0D7BX4BXG,219.99,2025-02-02 21:14:15.949349,2025-02-02 21:14:15.949349,219.99
B0D7H99XLY,19.99,2025-02-03 13:16:18.691352,2025-02-03 13:16:18.691352,19.99
B0D7V17BMQ,949.0,2025-02-02 19:43:25.048586,2025-02-02 19:43:25.048586,949.0
B0D7V17BMQ,949.0,2025-02-02 19:43:32.224721,2025-02-02 19:43:32.224721,949.0
B0D7V17BMQ,949.0,2025-02-02 19:46:32.290715,2025-02-02 19:46:32.290715,949.0
B0D7V17BMQ,949.0,2025-02-02 19:46:36.471928,2025-02-02 19:46:36.471928,949.0
B0D7V1FCLD,999.0,2025-02-02 19:43:38.428679,2025-02-02 19:43:38.428679,999.0
B0D7V1R6VM,949.0,2025-02-02 19:43:24.435566,2025-02-02 19:43:24.435566,949.0
B0D7V1R6VM,949.0,2025-02-02 19:43:31.468446,2025-02-02 19:43:31.468446,949.0
B0D7V1R6VM,949.0,2025-02-02 19:46:31.888484,2025-02-02 19:46:31.888484,949.0
B0D7V1R6VM,949.0,2025-02-02 19:46:35.936429,2025-02-02 19:46:35.936429,949.0
B0D7V2VBBJ,799.0,2025-02-02 19:43:24.527763,2025-02-02 19:43:24.527763,799.0
B0D7V2VBBJ,799.0,2025-02-02 19:43:25.409553,2025-02-02 19:43:25.409553,799.0
B0D7V2VBBJ,799.0,2025-02-02 19:43:31.565915,2025-02-02 19:43:31.565915,799.0
B0D7V2VBBJ,799.0,2025-02-02 19:43:32.482945,2025-02-02 19:43:32.482945,799.0
B0D7V2VBBJ,799.0,2025-02-02 19:46:32.043215,2025-02-02 19:46:32.043215,799.0
B0D7V2VBBJ,799.0,2025-02-02 19:46:32.515105,2025-02-02 19:46:32.515105,799.0
B0D7V2VBBJ,799.0,2025-02-02 19:46:35.979015,2025-02-02 19:46:35.979015,799.0
B0D7V2VBBJ,799.0,2025-02-02 19:46:36.724601,2025-02-02 19:46:36.724601,799.0
B0D7V6SZR7,19.99,2025-02-03 13:16:19.415174,2025-02-03 13:16:19.415174,19.99
B0D7WDV482,174.0,2025-02-02 19:47:19.225432,2025-02-02 19:47:19.225432,174.0
B0D7WDV482,174.0,2025-02-02 19:47:22.656718,2025-02-02 19:47:22.656718,174.0
B0D7WDV482,174.0,2025-02-02 21:14:11.228462,2025-02-02 21:14:11.228462,174.0
B0D7WDV482,174.0,2025-02-02 21:14:14.779646,2025-02-02 21:14:14.779646,174.0
B0D836GQL5,299.49,2025-02-02 19:47:18.816937,2025-02-02 19:47:18.816937,299.49
B0D836GQL5,299.49,2025-02-02 19:47:21.277763,2025-02-02 19:47:21.277763,299.49
B0D836GQL5,299.49,2025-02-02 19:47:22.232747,2025-02-02 19:47:22.232747,299.49
B0D836GQL5,299.49,2025-02-02 19:47:24.722094,2025-02-02 19:47:24.722094,299.49
B0D836GQL5,299.49,2025-02-02 21:14:10.737111,2025-02-02 21:14:10.737111,299.49
B0D836GQL5,299.49,2025-02-02 21:14:14.064128,2025-02-02 21:14:14.064128,299.49
B0D86ZGNJS,299.99,2025-02-02 19:47:17.735054,2025-02-02 19:47:17.735054,299.99
B0D86ZGNJS,299.99,2025-02-02 19:47:18.269177,2025-02-02 19:47:18.269177,299.99
B0D86ZGNJS,299.99,2025-02-02 19:47:21.323799,2025-02-02 19:47:21.323799,299.99
B0D86ZGNJS,299.99,2025-02-02 19:47:21.912172,2025-02-02 19:47:21.912172,299.99
B0D89YJSNL,89.99,2025-02-03 13:16:52.609632,2025-02-03 13:16:52.609632,89.99
B0D89YJSNL,89.99,2025-02-03 13:16:53.011680,2025-02-03 13:16:53.011680,89.99
B0D89YJSNL,89.99,2025-02-03 13:16:54.361088,2025-02-03 13:16:54.361088,89.99
B0D89YJSNL,89.99,2025-02-03 13:16:57.728528,2025-02-03 13:16:57.728528,89.99
B0D89YJSNL,89.99,2025-02-03 13:16:58.138130,2025-02-03 13:16:58.138130,89.99
B0D89YJSNL,89.99,2025-02-03 13:16:59.463020,2025-02-03 13:16:59.463020,89.99
B0D8L79YR8,300.99,2025-02-02 19:47:19.140728,2025-02-02 19:47:19.140728,300.99
B0D8L79YR8,300.99,2025-02-02 19:47:22.569049,2025-02-02 19:47:22.569049,300.99
B0D8L79YR8,300.99,2025-02-02 21:14:11.187419,2025-02-02 21:14:11.187419,300.99
B0D8L79YR8,300.99,2025-02-02 21:14:14.628323,2025-02-02 21:14:14.628323,300.99
B0D8VQYTLQ,285.99,2025-02-02 19:47:19.977808,2025-02-02 19:47:19.977808,285.99
B0D8VQYTLQ,285.99,2025-02-02 19:47:21.230886,2025-02-02 19:47:21.230886,285.99
B0D8VQYTLQ,285.99,2025-02-02 19:47:23.532702,2025-02-02 19:47:23.532702,285.99
B0D8VQYTLQ,285.99,2025-02-02 19:47:24.677963,2025-02-02 19:47:24.677963,285.99
B0D8VQYTLQ,285.99,2025-02-02 21:14:11.948103,2025-02-02 21:14:11.948103,285.99
B0D8VQYTLQ,285.99,2025-02-02 21:14:15.371099,2025-02-02 21:14:15.371099,285.99
B0D8W92FCM,212.99,2025-02-02 19:47:20.019676,2025-02-02 19:47:20.019676,212.99
B0D8W92FCM,212.99,2025-02-02 19:47:23.573816,2025-02-02 19:47:23.573816,212.99
B0D8W92FCM,212.99,2025-02-02 21:14:12.009524,2025-02-02 21:14:12.009524,212.99
B0D8W92FCM,212.99,2025-02-02 21:14:15.410515,2025-02-02 21:14:15.410515,212.99
B0D8WDJXR6,229.49,2025-02-02 19:47:19.535406,2025-02-02 19:47:19.535406,229.49
B0D8WDJXR6,229.49,2025-02-02 19:47:22.977516,2025-02-02 19:47:22.977516,229.49
B0D8WDJXR6,229.49,2025-02-02 21:14:11.678383,2025-02-02 21:14:11.678383,229.49
B0D8WDJXR6,229.49,2025-02-02 21:14:15.123283,2025-02-02 21:14:15.123283,229.49
B0D8WF5RHR,359.49,2025-02-02 19:47:20.708145,2025-02-02 19:47:20.708145,359.49
B0D8WF5RHR,359.49,2025-02-02 19:47:24.147865,2025-02-02 19:47:24.147865,359.49
B0D8WF5RHR,359.49,2025-02-02 21:14:12.614229,2025-02-02 21:14:12.614229,359.49
B0D8WF5RHR,359.49,2025-02-02 21:14:16.227532,2025-02-02 21:14:16.227532,359.49
B0D8WP3RHC,229.49,2025-02-02 19:47:20.263771,2025-02-02 19:47:20.263771,229.49
B0D8WP3RHC,229.49,2025-02-02 19:47:23.823203,2025-02-02 19:47:23.823203,229.49
B0D8WP3RHC,229.49,2025-02-02 21:14:12.324580,2025-02-02 21:14:12.324580,229.49
B0D8WP3RHC,229.49,2025-02-02 21:14:15.716082,2025-02-02 21:14:15.716082,229.49
B0D92W8PVR,379.9,2025-02-02 21:14:15.285975,2025-02-02 21:14:15.285975,379.9
B0D95SHSH9,149.99,2025-02-03 13:16:57.604709,2025-02-03 13:16:57.604709,149.99
B0D95SHSH9,149.99,2025-02-03 13:16:58.074352,2025-02-03 13:16:58.074352,149.99
B0D95XDBN6,169.99,2025-02-03 13:16:57.667787,2025-02-03 13:16:57.667787,169.99
B0D97GWZXT,74.99,2025-02-03 13:16:55.337324,2025-02-03 13:16:55.337324,74.99
B0D97GWZXT,74.99,2025-02-03 13:17:00.358714,2025-02-03 13:17:00.358714,74.99
B0D9H4YM2C,109.99,2025-02-02 19:48:01.258786,2025-02-02 19:48:01.258786,109.99
B0D9QWD2Z9,94.99,2025-02-03 13:16:58.204773,2025-02-03 13:16:58.204773,94.99
B0DB215M14,282.99,2025-02-02 19:47:20.391530,2025-02-02 19:47:20.391530,282.99
B0DB215M14,282.99,2025-02-02 19:47:23.941113,2025-02-02 19:47:23.941113,282.99
B0DB215M14,282.99,2025-02-02 21:14:12.494242,2025-02-02 21:14:12.494242,282.99
B0DB215M14,282.99,2025-02-02 21:14:15.992883,2025-02-02 21:14:15.992883,282.99
B0DB88Q6SG,79.99,2025-02-03 13:16:55.641849,2025-02-03 13:16:55.641849,79.99
B0DB88Q6SG,79.99,2025-02-03 13:17:00.809870,2025-02-03 13:17:00.809870,79.99
B0DBCD65M3,59.99,2025-02-03 13:16:19.342585,2025-02-03 13:16:19.342585,59.99
B0DBHN2H94,199.99,2025-02-02 19:47:19.313881,2025-02-02 19:47:19.313881,199.99
B0DBHN2H94,199.99,2025-02-02 19:47:22.841365,2025-02-02 19:47:22.841365,199.99
B0DBHN2H94,199.99,2025-02-02 21:14:11.469051,2025-02-02 21:14:11.469051,199.99
B0DBHN2H94,199.99,2025-02-02 21:14:14.910678,2025-02-02 21:14:14.910678,199.99
B0DBM7X4GR,189.99,2025-02-02 19:48:01.498703,2025-02-02 19:48:01.498703,189.99
B0DBRDBPB9,229.0,2025-02-02 19:48:01.210162,2025-02-02 19:48:01.210162,229.0
B0DBVDRNK5,183.99,2025-02-02 19:43:26.036742,2025-02-02 19:43:26.036742,183.99
B0DBVDRNK5,183.99,2025-02-02 19:43:33.196468,2025-02-02 19:43:33.196468,183.99
B0DBVDRNK5,183.99,2025-02-02 19:46:32.818528,2025-02-02 19:46:32.818528,183.99
B0DBVDRNK5,183.99,2025-02-02 19:46:37.029068,2025-02-02 19:46:37.029068,183.99
B0DC9QJJ9Q,119.0,2025-02-02 19:48:00.313730,2025-02-02 19:48:00.313730,119.0
B0DCBCDS4V,139.0,2025-02-02 19:48:01.004064,2025-02-02 19:48:01.004064,139.0
B0DCBCJHD4,189.0,2025-02-02 19:43:29.494088,2025-02-02 19:43:29.494088,189.0
B0DCBCJHD4,189.0,2025-02-02 19:43:36.866847,2025-02-02 19:43:36.866847,189.0
B0DCBCJHD4,189.0,2025-02-02 19:46:34.620173,2025-02-02 19:46:34.620173,189.0
B0DCBCJHD4,189.0,2025-02-02 19:46:38.792935,2025-02-02 19:46:38.792935,189.0
B0DCJW5LBQ,139.99,2025-02-02 19:43:26.888191,2025-02-02 19:43:26.888191,139.99
B0DCJW5LBQ,139.99,2025-02-02 19:43:34.486917,2025-02-02 19:43:34.486917,139.99
B0DCJW5LBQ,139.99,2025-02-02 19:46:33.311165,2025-02-02 19:46:33.311165,139.99
B0DCJW5LBQ,139.99,2025-02-02 19:46:37.530675,2025-02-02 19:46:37.530675,139.99
B0DCVL8S3W,94.3,2025-02-03 13:16:54.760924,2025-02-03 13:16:54.760924,94.3
B0DCVL8S3W,94.3,2025-02-03 13:16:59.878815,2025-02-03 13:16:59.878815,94.3
B0DCVVZ6V2,22.29,2025-02-03 13:16:18.355855,2025-02-03 13:16:18.355855,22.29
B0DD3Z1CLX,90.23,2025-02-03 13:16:54.216331,2025-02-03 13:16:54.216331,90.23
B0DD3Z1CLX,90.23,2025-02-03 13:16:59.317027,2025-02-03 13:16:59.317027,90.23
B0DD3ZDZQ5,86.46,2025-02-03 13:16:54.568887,2025-02-03 13:16:54.568887,86.46
B0DD3ZDZQ5,86.46,2025-02-03 13:16:59.684265,2025-02-03 13:16:59.684265,86.46
B0DD42FYLP,129.9,2025-02-03 13:16:55.516416,2025-02-03 13:16:55.516416,129.9
B0DD42FYLP,129.9,2025-02-03 13:17:00.675824,2025-02-03 13:17:00.675824,129.9
B0DD78XM4Y,161.37,2025-02-03 13:16:53.646859,2025-02-03 13:16:53.646859,161.37
B0DD78XM4Y,161.37,2025-02-03 13:16:58.715292,2025-02-03 13:16:58.715292,161.37
B0DDBHSRQZ,109.9,2025-02-02 19:43:26.794166,2025-02-02 19:43:26.794166,109.9
B0DDBHSRQZ,109.9,2025-02-02 19:43:34.308925,2025-02-02 19:43:34.308925,109.9
B0DDBHSRQZ,109.9,2025-02-02 19:46:33.268514,2025-02-02 19:46:33.268514,109.9
B0DDBHSRQZ,109.9,2025-02-02 19:46:37.489980,2025-02-02 19:46:37.489980,109.9
B0DDCDJFF8,199.99,2025-02-02 19:47:20.476503,2025-02-02 19:47:20.476503,199.99
B0DDCDJFF8,199.99,2025-02-02 19:47:24.019707,2025-02-02 19:47:24.019707,199.99
B0DDCDJFF8,209.99,2025-02-02 21:14:12.573573,2025-02-02 21:14:12.573573,199.99
B0DDCDJFF8,209.99,2025-02-02 21:14:16.184594,2025-02-02 21:14:16.184594,209.99
B0DDKWX868,89.99,2025-02-03 13:16:53.772299,2025-02-03 13:16:53.772299,89.99
B0DDKWX868,89.99,2025-02-03 13:16:54.960828,2025-02-03 13:16:54.960828,89.99
B0DDKWX868,89.99,2025-02-03 13:16:58.855044,2025-02-03 13:16:58.855044,89.99
B0DDKWX868,89.99,2025-02-03 13:17:00.088307,2025-02-03 13:17:00.088307,89.99
B0DDL38SS4,819.9,2025-02-02 19:47:20.975708,2025-02-02 19:47:20.975708,819.9
B0DDL38SS4,819.9,2025-02-02 19:47:24.422400,2025-02-02 19:47:24.422400,819.9
B0DF4YCRQL,84.53,2025-02-03 13:16:55.579111,2025-02-03 13:16:55.579111,84.53
B0DF4YCRQL,84.53,2025-02-03 13:17:00.744527,2025-02-03 13:17:00.744527,84.53
B0DF52HT2Q,109.99,2025-02-03 13:17:00.224748,2025-02-03 13:17:00.224748,109.99
B0DF5396XW,89.91,2025-02-03 13:17:01.684944,2025-02-03 13:17:01.684944,89.91
B0DF7F4PRZ,69.99,2025-02-03 13:16:52.671858,2025-02-03 13:16:52.671858,69.99
B0DF7F4PRZ,69.99,2025-02-03 13:16:57.791497,2025-02-03 13:16:57.791497,69.99
B0DF7QCTVP,99.99,2025-02-03 13:16:52.734457,2025-02-03 13:16:52.734457,99.99
B0DF7QCTVP,99.99,2025-02-03 13:16:57.882227,2025-02-03 13:16:57.882227,99.99
B0DFCD3FLN,19.99,2025-02-03 13:16:18.758427,2025-02-03 13:16:18.758427,19.99
B0DFCGL63W,34.19,2025-02-03 13:16:20.719567,2025-02-03 13:16:20.719567,34.19
B0DFG8FH4P,139.99,2025-02-03 13:16:55.792794,2025-02-03 13:16:55.792794,139.99
B0DFG8FH4P,139.99,2025-02-03 13:17:00.954610,2025-02-03 13:17:00.954610,139.99
B0DFHFM1X9,34.9,2025-02-03 13:16:17.671578,2025-02-03 13:16:17.671578,34.9
B0DFQ6ZVMZ,19.99,2025-02-03 13:16:20.138036,2025-02-03 13:16:20.138036,19.99
B0DFQGDPJD,449.0,2025-02-02 19:47:20.138163,2025-02-02 19:47:20.138163,449.0
B0DFQGDPJD,449.0,2025-02-02 19:47:23.699241,2025-02-02 19:47:23.699241,449.0
B0DFQGDPJD,449.0,2025-02-02 21:14:12.241503,2025-02-02 21:14:12.241503,449.0
B0DFQGDPJD,449.0,2025-02-02 21:14:15.529553,2025-02-02 21:14:15.529553,449.0
B0DFWYP4RJ,329.0,2025-02-02 19:47:19.663333,2025-02-02 19:47:19.663333,329.0
B0DFWYP4RJ,329.0,2025-02-02 19:47:23.097480,2025-02-02 19:47:23.097480,329.0
B0DFWYP4RJ,329.0,2025-02-02 21:14:11.511430,2025-02-02 21:14:11.511430,329.0
B0DFWYP4RJ,329.0,2025-02-02 21:14:14.951664,2025-02-02 21:14:14.951664,329.0
B0DFXVBYP8,19.99,2025-02-03 13:16:20.071066,2025-02-03 13:16:20.071066,19.99
B0DFYD3VWC,359.99,2025-02-02 19:48:02.214874,2025-02-02 19:48:02.214874,359.99
B0DG2XDLYB,59.99,2025-02-03 13:16:59.118864,2025-02-03 13:16:59.118864,59.99
B0DG2YHSLL,119.99,2025-02-02 19:43:25.220525,2025-02-02 19:43:25.220525,119.99
B0DG2YHSLL,119.99,2025-02-02 19:43:28.023627,2025-02-02 19:43:28.023627,119.99
B0DG2YHSLL,119.99,2025-02-02 19:43:32.397366,2025-02-02 19:43:32.397366,119.99
B0DG2YHSLL,119.99,2025-02-02 19:43:35.528980,2025-02-02 19:43:35.528980,119.99
B0DG2YHSLL,119.99,2025-02-02 19:46:32.474365,2025-02-02 19:46:32.474365,119.99
B0DG2YHSLL,119.99,2025-02-02 19:46:33.143441,2025-02-02 19:46:33.143441,119.99
B0DG2YHSLL,119.99,2025-02-02 19:46:36.680653,2025-02-02 19:46:36.680653,119.99
B0DG2YHSLL,119.99,2025-02-02 19:46:37.249112,2025-02-02 19:46:37.249112,119.99
B0DG5Z75F8,48.48,2025-02-03 13:16:17.735641,2025-02-03 13:16:17.735641,48.48
B0DGJC6D1B,199.0,2025-02-03 13:16:20.460971,2025-02-03 13:16:20.460971,199.0
B0DGQTNFQ4,91.3,2025-02-02 19:43:27.519684,2025-02-02 19:43:27.519684,91.3
B0DGQTNFQ4,91.3,2025-02-02 19:43:35.163608,2025-02-02 19:43:35.163608,91.3
B0DGQTNFQ4,91.3,2025-02-02 19:46:33.724364,2025-02-02 19:46:33.724364,91.3
B0DGQTNFQ4,91.3,2025-02-02 19:46:37.832410,2025-02-02 19:46:37.832410,91.3
B0DGXBHDX3,169.99,2025-02-02 19:48:01.991884,2025-02-02 19:48:01.991884,169.99
B0DH243L65,96.99,2025-02-02 19:43:25.601455,2025-02-02 19:43:25.601455,96.99
B0DH243L65,96.99,2025-02-02 19:43:32.678326,2025-02-02 19:43:32.678326,96.99
B0DH243L65,96.99,2025-02-02 19:46:32.595000,2025-02-02 19:46:32.595000,96.99
B0DH243L65,96.99,2025-02-02 19:46:36.809009,2025-02-02 19:46:36.809009,96.99
B0DH8GQ11F,134.99,2025-02-02 19:47:59.630186,2025-02-02 19:47:59.630186,134.99
B0DHLCF9L7,279.99,2025-02-02 19:47:18.053926,2025-02-02 19:47:18.053926,279.99
B0DHLCF9L7,279.99,2025-02-02 19:47:21.657786,2025-02-02 19:47:21.657786,279.99
B0DHLCF9L7,279.99,2025-02-02 21:14:09.982102,2025-02-02 21:14:09.982102,279.99
B0DHLCF9L7,279.99,2025-02-02 21:14:13.407297,2025-02-02 21:14:13.407297,279.99
B0DHPQJWRD,43.99,2025-02-03 13:16:18.822414,2025-02-03 13:16:18.822414,43.99
B0DHSLS963,149.95,2025-02-02 19:48:00.840223,2025-02-02 19:48:00.840223,149.95
B0DHVLSFF7,29.99,2025-02-03 13:16:19.477756,2025-02-03 13:16:19.477756,29.99
B0DHVLXJC7,849.99,2025-02-02 21:14:11.021671,2025-02-02 21:14:11.021671,849.99
B0DHVLXJC7,849.99,2025-02-02 21:14:14.354854,2025-02-02 21:14:14.354854,849.99
B0DHZ6WSPQ,85.0,2025-02-02 19:43:30.583938,2025-02-02 19:43:30.583938,85.0
B0DHZ6WSPQ,85.0,2025-02-02 19:43:38.119632,2025-02-02 19:43:38.119632,85.0
B0DHZ6WSPQ,85.0,2025-02-02 19:46:35.237232,2025-02-02 19:46:35.237232,85.0
B0DHZ6WSPQ,85.0,2025-02-02 19:46:39.510915,2025-02-02 19:46:39.510915,85.0
B0DHZZ67HX,168.0,2025-02-02 19:43:27.903771,2025-02-02 19:43:27.903771,168.0
B0DHZZ67HX,168.0,2025-02-02 19:43:35.434631,2025-02-02 19:43:35.434631,168.0
B0DHZZ67HX,168.0,2025-02-02 19:46:33.857661,2025-02-02 19:46:33.857661,168.0
B0DHZZ67HX,168.0,2025-02-02 19:46:38.022324,2025-02-02 19:46:38.022324,168.0
B0DJ29XQRT,17.99,2025-02-03 13:16:17.606350,2025-02-03 13:16:17.606350,17.99
B0DJ344HV2,59.9,2025-02-02 19:43:27.420006,2025-02-02 19:43:27.420006,59.9
B0DJ344HV2,59.9,2025-02-02 19:43:35.079845,2025-02-02 19:43:35.079845,59.9
B0DJ344HV2,59.9,2025-02-02 19:46:33.681787,2025-02-02 19:46:33.681787,59.9
B0DJ344HV2,59.9,2025-02-02 19:46:37.774451,2025-02-02 19:46:37.774451,59.9
B0DJGPGDQ5,99.99,2025-02-03 13:16:55.707097,2025-02-03 13:16:55.707097,99.99
B0DJGPGDQ5,99.99,2025-02-03 13:17:00.883444,2025-02-03 13:17:00.883444,99.99
B0DJNJT5VF,19.99,2025-02-03 13:16:17.923549,2025-02-03 13:16:17.923549,19.99
B0DJP6KXQF,19.99,2025-02-03 13:16:18.293518,2025-02-03 13:16:18.293518,19.99
B0DJQGFZJC,75.99,2025-02-02 19:43:29.011996,2025-02-02 19:43:29.011996,75.99
B0DJQGFZJC,75.99,2025-02-02 19:43:36.384957,2025-02-02 19:43:36.384957,75.99
B0DJQGFZJC,75.99,2025-02-02 19:46:34.409660,2025-02-02 19:46:34.409660,75.99
B0DJQGFZJC,75.99,2025-02-02 19:46:38.477605,2025-02-02 19:46:38.477605,75.99
B0DJQVBYG7,129.9,2025-02-03 13:16:54.153153,2025-02-03 13:16:54.153153,129.9
B0DJQVBYG7,129.9,2025-02-03 13:16:59.256913,2025-02-03 13:16:59.256913,129.9
B0DJSS5SDY,109.99,2025-02-03 13:17:02.275599,2025-02-03 13:17:02.275599,109.99
B0DJSTJ91G,109.99,2025-02-03 13:16:52.411379,2025-02-03 13:16:52.411379,109.99
B0DJSTJ91G,109.99,2025-02-03 13:16:52.805515,2025-02-03 13:16:52.805515,109.99
B0DJSTJ91G,109.99,2025-02-03 13:16:52.876014,2025-02-03 13:16:52.876014,109.99
B0DJSTJ91G,109.99,2025-02-03 13:16:57.538474,2025-02-03 13:16:57.538474,109.99
B0DJSTJ91G,109.99,2025-02-03 13:16:57.945442,2025-02-03 13:16:57.945442,109.99
B0DJSTJ91G,109.99,2025-02-03 13:16:58.011399,2025-02-03 13:16:58.011399,109.99
B0DJW6MYRL,99.99,2025-02-03 13:16:55.864496,2025-02-03 13:16:55.864496,99.99
B0DJW6MYRL,99.99,2025-02-03 13:17:01.026257,2025-02-03 13:17:01.026257,99.99
B0DJY6KBNS,124.99,2025-02-02 19:43:28.229008,2025-02-02 19:43:28.229008,124.99
B0DJY6KBNS,124.99,2025-02-02 19:43:35.716941,2025-02-02 19:43:35.716941,124.99
B0DJY6KBNS,124.99,2025-02-02 19:46:33.900060,2025-02-02 19:46:33.900060,124.99
B0DJY6KBNS,124.99,2025-02-02 19:46:38.084309,2025-02-02 19:46:38.084309,124.99
B0DK1XSLVL,128.05,2025-02-02 19:47:59.091496,2025-02-02 19:47:59.091496,128.05
B0DK3KZY9C,79.99,2025-02-02 19:43:38.709060,2025-02-02 19:43:38.709060,79.99
B0DK4NB7HJ,39.99,2025-02-03 13:16:19.935470,2025-02-03 13:16:19.935470,39.99
B0DK6V9T5W,69.99,2025-02-03 13:16:17.349562,2025-02-03 13:16:17.349562,69.99
B0DK6V9T5W,69.99,2025-02-03 13:16:20.784864,2025-02-03 13:16:20.784864,69.99
B0DK7675H7,35.99,2025-02-03 13:16:20.655050,2025-02-03 13:16:20.655050,35.99
B0DK92GFJ2,109.99,2025-02-03 13:16:55.394975,2025-02-03 13:16:55.394975,109.99
B0DK92GFJ2,109.99,2025-02-03 13:17:00.432353,2025-02-03 13:17:00.432353,109.99
B0DKF61QX4,89.99,2025-02-03 13:16:17.414639,2025-02-03 13:16:17.414639,89.99
B0DKFX5DDB,279.99,2025-02-02 19:47:59.759460,2025-02-02 19:47:59.759460,279.99
B0DKJJPQTD,39.99,2025-02-03 13:16:18.885186,2025-02-03 13:16:18.885186,39.99
B0DKN3V397,479.9,2025-02-02 19:47:18.391658,2025-02-02 19:47:18.391658,479.9
B0DKN3V397,479.9,2025-02-02 19:47:22.033665,2025-02-02 19:47:22.033665,479.9
B0DKN3V397,479.9,2025-02-02 21:14:10.414350,2025-02-02 21:14:10.414350,479.9
B0DKN3V397,479.9,2025-02-02 21:14:13.733279,2025-02-02 21:14:13.733279,479.9
B0DKNMVJJV,99.99,2025-02-03 13:17:00.293092,2025-02-03 13:17:00.293092,99.99
B0DKP645L3,249.99,2025-02-02 19:43:27.166713,2025-02-02 19:43:27.166713,249.99
B0DKP645L3,249.99,2025-02-02 19:43:34.790190,2025-02-02 19:43:34.790190,249.99
B0DKP645L3,249.99,2025-02-02 19:46:33.541406,2025-02-02 19:46:33.541406,249.99
B0DKP645L3,249.99,2025-02-02 19:46:37.648176,2025-02-02 19:46:37.648176,249.99
B0DKTHSMB6,151.9,2025-02-02 19:43:29.296856,2025-02-02 19:43:29.296856,151.9
B0DKTHSMB6,151.9,2025-02-02 19:43:36.655517,2025-02-02 19:43:36.655517,151.9
B0DKTHSMB6,151.9,2025-02-02 19:46:34.530705,2025-02-02 19:46:34.530705,151.9
B0DKTHSMB6,151.9,2025-02-02 19:46:38.712428,2025-02-02 19:46:38.712428,151.9
B0DKTJ22QN,139.5,2025-02-02 19:43:24.964148,2025-02-02 19:43:24.964148,139.5
B0DKTJ22QN,139.5,2025-02-02 19:43:32.132788,2025-02-02 19:43:32.132788,139.5
B0DKTJ22QN,139.5,2025-02-02 19:46:32.249949,2025-02-02 19:46:32.249949,139.5
B0DKTJ22QN,139.5,2025-02-02 19:46:36.424653,2025-02-02 19:46:36.424653,139.5
B0DKX469QP,306.84,2025-02-02 19:47:20.219193,2025-02-02 19:47:20.219193,306.84
B0DKX469QP,306.84,2025-02-02 19:47:23.782443,2025-02-02 19:47:23.782443,306.84
B0DKX469QP,306.84,2025-02-02 21:14:12.408120,2025-02-02 21:14:12.408120,306.84
B0DKX469QP,306.84,2025-02-02 21:14:15.904720,2025-02-02 21:14:15.904720,306.84
B0DL8VX17R,121.22,2025-02-02 19:43:27.615657,2025-02-02 19:43:27.615657,121.22
B0DL8VX17R,121.22,2025-02-02 19:43:35.252333,2025-02-02 19:43:35.252333,121.22
B0DL8VX17R,121.22,2025-02-02 19:46:33.770763,2025-02-02 19:46:33.770763,121.22
B0DL8VX17R,121.22,2025-02-02 19:46:37.883408,2025-02-02 19:46:37.883408,121.22
B0DLGN27FY,209.99,2025-02-02 19:47:19.493903,2025-02-02 19:47:19.493903,209.99
B0DLGN27FY,209.99,2025-02-02 19:47:22.932297,2025-02-02 19:47:22.932297,209.99
B0DLGN27FY,209.99,2025-02-02 21:14:11.636910,2025-02-02 21:14:11.636910,209.99
B0DLGN27FY,209.99,2025-02-02 21:14:15.081042,2025-02-02 21:14:15.081042,209.99
B0DLNM2N1D,89.99,2025-02-02 19:43:25.952332,2025-02-02 19:43:25.952332,89.99
B0DLNM2N1D,89.99,2025-02-02 19:43:33.110899,2025-02-02 19:43:33.110899,89.99
B0DLNM2N1D,89.99,2025-02-02 19:46:32.773250,2025-02-02 19:46:32.773250,89.99
B0DLNM2N1D,89.99,2025-02-02 19:46:36.983409,2025-02-02 19:46:36.983409,89.99
B0DLP73L61,189.99,2025-02-02 19:43:24.620906,2025-02-02 19:43:24.620906,189.99
B0DLP73L61,189.99,2025-02-02 19:43:31.158623,2025-02-02 19:43:31.158623,189.99
B0DLP73L61,189.99,2025-02-02 19:43:31.664942,2025-02-02 19:43:31.664942,189.99
B0DLP73L61,189.99,2025-02-02 19:43:38.526513,2025-02-02 19:43:38.526513,189.99
B0DLP73L61,189.99,2025-02-02 19:46:32.085675,2025-02-02 19:46:32.085675,189.99
B0DLP73L61,189.99,2025-02-02 19:46:35.470716,2025-02-02 19:46:35.470716,189.99
B0DLP73L61,189.99,2025-02-02 19:46:36.024489,2025-02-02 19:46:36.024489,189.99
B0DLP73L61,189.99,2025-02-02 19:46:39.643629,2025-02-02 19:46:39.643629,189.99
B0DM5J2TP1,117.99,2025-02-02 19:43:24.707724,2025-02-02 19:43:24.707724,117.99
B0DM5J2TP1,117.99,2025-02-02 19:43:31.803404,2025-02-02 19:43:31.803404,117.99
B0DM5J2TP1,117.99,2025-02-02 19:46:32.125933,2025-02-02 19:46:32.125933,117.99
B0DM5J2TP1,117.99,2025-02-02 19:46:36.066268,2025-02-02 19:46:36.066268,117.99
B0DMP8RLVB,219.99,2025-02-02 19:48:00.881590,2025-02-02 19:48:00.881590,219.99
B0DN1HLTBX,99.99,2025-02-03 13:16:16.843981,2025-02-03 13:16:16.843981,99.99
B0DN1KLC2K,111.14,2025-02-03 13:16:19.544634,2025-02-03 13:16:19.544634,111.14
B0DN63DWPR,109.99,2025-02-02 19:46:35.533708,2025-02-02 19:46:35.533708,109.99
B0DN63DWPR,109.99,2025-02-02 19:46:39.794032,2025-02-02 19:46:39.794032,109.99
B0DNJG1R28,89.99,2025-02-03 13:16:53.905025,2025-02-03 13:16:53.905025,89.99
B0DNJG1R28,89.99,2025-02-03 13:16:57.034052,2025-02-03 13:16:57.034052,89.99
B0DNJG1R28,89.99,2025-02-03 13:16:58.984242,2025-02-03 13:16:58.984242,89.99
B0DNJG1R28,89.99,2025-02-03 13:17:02.340539,2025-02-03 13:17:02.340539,89.99
B0DNJXQWC6,79.0,2025-02-02 19:43:30.740086,2025-02-02 19:43:30.740086,79.0
B0DNJXQWC6,79.0,2025-02-02 19:43:38.212895,2025-02-02 19:43:38.212895,79.0
B0DNJXQWC6,79.0,2025-02-02 19:46:33.987172,2025-02-02 19:46:33.987172,79.0
B0DNJXQWC6,79.0,2025-02-02 19:46:38.174981,2025-02-02 19:46:38.174981,79.0
B0DNK11FDX,79.99,2025-02-02 19:46:35.804250,2025-02-02 19:46:35.804250,79.99
B0DNK11FDX,79.99,2025-02-02 19:46:39.932758,2025-02-02 19:46:39.932758,79.99
B0DNK1SKPT,79.0,2025-02-02 19:46:39.554562,2025-02-02 19:46:39.554562,79.0
B0DNQ724LL,49.99,2025-02-03 13:16:56.638046,2025-02-03 13:16:56.638046,49.99
B0DNQ724LL,49.99,2025-02-03 13:17:01.814437,2025-02-03 13:17:01.814437,49.99
B0DNQFP7BF,129.99,2025-02-03 13:16:57.227884,2025-02-03 13:16:57.227884,129.99
B0DNQFP7BF,129.99,2025-02-03 13:17:02.537657,2025-02-03 13:17:02.537657,129.99
B0DNQHG4L4,289.99,2025-02-03 13:16:57.166226,2025-02-03 13:16:57.166226,289.99
B0DNQHG4L4,289.99,2025-02-03 13:17:02.476241,2025-02-03 13:17:02.476241,289.99
B0DNWSGYH5,65.99,2025-02-03 13:16:21.294877,2025-02-03 13:16:21.294877,65.99
B0DNYQMD8X,139.89,2025-02-02 19:43:27.751807,2025-02-02 19:43:27.751807,139.89
B0DNYQMD8X,139.89,2025-02-02 19:43:35.338060,2025-02-02 19:43:35.338060,139.89
B0DNYQMD8X,139.89,2025-02-02 19:46:33.814935,2025-02-02 19:46:33.814935,139.89
B0DNYQMD8X,139.89,2025-02-02 19:46:37.957957,2025-02-02 19:46:37.957957,139.89
B0DP228W92,219.99,2025-02-02 19:47:59.909835,2025-02-02 19:47:59.909835,219.99
B0DP4R9YLH,39.99,2025-02-03 13:16:16.908738,2025-02-03 13:16:16.908738,39.99
B0DP4R9YLH,39.99,2025-02-03 13:16:18.623974,2025-02-03 13:16:18.623974,39.99
B0DP63NTHB,289.99,2025-02-03 13:17:02.794008,2025-02-03 13:17:02.794008,289.99
B0DP6V8F5G,52.98,2025-02-02 19:43:26.388705,2025-02-02 19:43:26.388705,52.98
B0DP6V8F5G,52.98,2025-02-02 19:43:33.796760,2025-02-02 19:43:33.796760,52.98
B0DP6V8F5G,52.98,2025-02-02 19:46:33.101429,2025-02-02 19:46:33.101429,52.98
B0DP6V8F5G,52.98,2025-02-02 19:46:37.202266,2025-02-02 19:46:37.202266,52.98
B0DP7WGS4S,22.99,2025-02-03 13:16:19.739650,2025-02-03 13:16:19.739650,22.99
B0DP91MNLB,119.99,2025-02-03 13:16:18.172858,2025-02-03 13:16:18.172858,119.99
B0DP9N15P3,135.99,2025-02-03 13:16:55.454861,2025-02-03 13:16:55.454861,135.99
B0DP9N15P3,135.99,2025-02-03 13:17:00.503446,2025-02-03 13:17:00.503446,135.99
B0DP9PW8ZN,76.0,2025-02-02 19:46:35.846570,2025-02-02 19:46:35.846570,76.0
B0DP9PW8ZN,76.0,2025-02-02 19:46:39.975529,2025-02-02 19:46:39.975529,76.0
B0DPCQMS9B,89.99,2025-02-02 19:43:30.468767,2025-02-02 19:43:30.468767,89.99
B0DPCQMS9B,89.99,2025-02-02 19:43:38.012397,2025-02-02 19:43:38.012397,89.99
B0DPCQMS9B,89.99,2025-02-02 19:46:35.194496,2025-02-02 19:46:35.194496,89.99
B0DPCQMS9B,89.99,2025-02-02 19:46:39.363941,2025-02-02 19:46:39.363941,89.99
B0DPCQVC5F,103.99,2025-02-02 19:43:26.575647,2025-02-02 19:43:26.575647,103.99
B0DPCQVC5F,103.99,2025-02-02 19:43:34.017808,2025-02-02 19:43:34.017808,103.99
B0DPG4XPP4,159.0,2025-02-02 19:43:28.700292,2025-02-02 19:43:28.700292,159.0
B0DPG4XPP4,159.0,2025-02-02 19:43:36.106924,2025-02-02 19:43:36.106924,159.0
B0DPG4XPP4,159.0,2025-02-02 19:46:34.271789,2025-02-02 19:46:34.271789,159.0
B0DPG4XPP4,159.0,2025-02-02 19:46:38.354072,2025-02-02 19:46:38.354072,159.0
B0DPHQZKQC,339.99,2025-02-03 13:16:57.355090,2025-02-03 13:16:57.355090,339.99
B0DPHQZKQC,339.99,2025-02-03 13:17:02.664406,2025-02-03 13:17:02.664406,339.99
B0DPKQD2K7,109.99,2025-02-02 19:43:28.131370,2025-02-02 19:43:28.131370,109.99
B0DPKQD2K7,109.99,2025-02-02 19:43:35.624862,2025-02-02 19:43:35.624862,109.99
B0DPKQD2K7,109.99,2025-02-02 19:46:33.186059,2025-02-02 19:46:33.186059,109.99
B0DPKQD2K7,109.99,2025-02-02 19:46:37.292626,2025-02-02 19:46:37.292626,109.99
B0DPQ7TH7G,549.9,2025-02-03 13:16:57.415330,2025-02-03 13:16:57.415330,549.9
B0DPQ7TH7G,549.9,2025-02-03 13:17:02.729871,2025-02-03 13:17:02.729871,549.9
B0DPX91VHZ,100.9,2025-02-03 13:16:19.675455,2025-02-03 13:16:19.675455,100.9
B0DPXPC5BN,99.99,2025-02-02 19:47:59.546018,2025-02-02 19:47:59.546018,99.99
B0DPZ5VGB3,499.99,2025-02-02 19:46:35.603719,2025-02-02 19:46:35.603719,499.99
B0DPZ5VGB3,499.99,2025-02-02 19:46:39.840924,2025-02-02 19:46:39.840924,499.99
B0DPZSTGXL,559.96,2025-02-02 19:47:20.432697,2025-02-02 19:47:20.432697,559.96
B0DPZSTGXL,559.96,2025-02-02 19:47:23.980262,2025-02-02 19:47:23.980262,559.96
B0DPZSTGXL,559.96,2025-02-02 21:14:12.534276,2025-02-02 21:14:12.534276,559.96
B0DPZSTGXL,559.96,2025-02-02 21:14:16.035502,2025-02-02 21:14:16.035502,559.96
B0DQ7V3DFN,29.99,2025-02-03 13:16:21.037582,2025-02-03 13:16:21.037582,29.99
B0DQ7ZKWHD,299.9,2025-02-02 19:43:30.310615,2025-02-02 19:43:30.310615,299.9
B0DQ7ZKWHD,299.9,2025-02-02 19:43:37.895623,2025-02-02 19:43:37.895623,299.9
B0DQ7ZKWHD,299.9,2025-02-02 19:46:35.148368,2025-02-02 19:46:35.148368,299.9
B0DQ7ZKWHD,299.9,2025-02-02 19:46:39.319619,2025-02-02 19:46:39.319619,299.9
B0DQ8258Q4,29.99,2025-02-03 13:16:19.158161,2025-02-03 13:16:19.158161,29.99
B0DQ8P8GYL,39.99,2025-02-03 13:16:17.096346,2025-02-03 13:16:17.096346,39.99
B0DQCZK26F,89.99,2025-02-03 13:16:20.845013,2025-02-03 13:16:20.845013,89.99
B0DQTPKWK4,159.99,2025-02-03 13:16:20.973142,2025-02-03 13:16:20.973142,159.99
B0DQVB5CTJ,239.0,2025-02-02 19:47:18.859079,2025-02-02 19:47:18.859079,239.0
B0DQVB5CTJ,239.0,2025-02-02 19:47:22.276213,2025-02-02 19:47:22.276213,239.0
B0DQVB5CTJ,239.0,2025-02-02 21:14:10.778916,2025-02-02 21:14:10.778916,239.0
B0DQVB5CTJ,239.0,2025-02-02 21:14:14.110578,2025-02-02 21:14:14.110578,239.0
B0DQXZ457Z,89.99,2025-02-02 19:46:35.890359,2025-02-02 19:46:35.890359,89.99
B0DQXZ457Z,89.99,2025-02-02 19:46:40.020850,2025-02-02 19:46:40.020850,89.99
B0DQY1C84Q,99.99,2025-02-02 19:46:35.759893,2025-02-02 19:46:35.759893,99.99
B0DQY1C84Q,99.99,2025-02-02 19:46:39.888260,2025-02-02 19:46:39.888260,99.99
B0DR1BBHX9,99.99,2025-02-03 13:17:01.552016,2025-02-03 13:17:01.552016,99.99
B0DR8X2Y1Z,99.99,2025-02-02 19:43:25.135161,2025-02-02 19:43:25.135161,99.99
B0DR8X2Y1Z,99.99,2025-02-02 19:43:32.310018,2025-02-02 19:43:32.310018,99.99
B0DR8X2Y1Z,99.99,2025-02-02 19:46:32.432998,2025-02-02 19:46:32.432998,99.99
B0DR8X2Y1Z,99.99,2025-02-02 19:46:35.428120,2025-02-02 19:46:35.428120,99.99
B0DR8X2Y1Z,99.99,2025-02-02 19:46:36.521792,2025-02-02 19:46:36.521792,99.99
B0DR8X2Y1Z,99.99,2025-02-02 19:46:39.598958,2025-02-02 19:46:39.598958,99.99
B0DRG3VBCH,409.99,2025-02-03 13:16:57.100648,2025-02-03 13:16:57.100648,409.99
B0DRG3VBCH,409.99,2025-02-03 13:17:02.411958,2025-02-03 13:17:02.411958,409.99
B0DRJMXYT9,99.99,2025-02-03 13:16:20.003163,2025-02-03 13:16:20.003163,99.99
B0DRXGQ8JB,89.99,2025-02-03 13:16:21.102982,2025-02-03 13:16:21.102982,89.99
B0DS27D77L,89.99,2025-02-03 13:16:20.907619,2025-02-03 13:16:20.907619,89.99
B0DS5X6KVG,59.99,2025-02-03 13:16:21.232377,2025-02-03 13:16:21.232377,59.99
B0DSZTYFK5,19.99,2025-02-03 13:16:17.161809,2025-02-03 13:16:17.161809,19.99
B0DSZX12SL,89.99,2025-02-03 13:16:57.290184,2025-02-03 13:16:57.290184,89.99
B0DSZX12SL,89.99,2025-02-03 13:17:02.599768,2025-02-03 13:17:02.599768,89.99
B0DT32ZW13,18.99,2025-02-03 13:16:17.982059,2025-02-03 13:16:17.982059,18.99
B0DT3CMRP3,19.99,2025-02-03 13:16:21.171282,2025-02-03 13:16:21.171282,19.99
B0DT3ZJP67,19.99,2025-02-03 13:16:17.796852,2025-02-03 13:16:17.796852,19.99
